name,overall_rank,org_rank,fv_grade
Jesús Made,1,,
Leo De Vries,2,,
Seth Hernandez,3,,
Eli Willits,4,,
Colt Emerson,5,,
Kade Anderson,6,,
Max Clark,7,,
Josue De Paula,8,,
Franklin Arias,10,,
Walker Jenkins,11,,
Caleb Bonemer,13,,
Thomas White,14,,
Ethan Holliday,15,,
Luis Peña,16,,
Zyhir Hope,17,,
George Lombard Jr.,18,,
Ryan Sloan,19,,
Liam Doyle,20,,
Braden Montgomery,21,,
Rainiel Rodriguez,22,,
Alfredo Duno,23,,
Noah Schultz,24,,
Robby Snelling,25,,
Jamie Arnold,26,,
Lazaro Montes,27,,
Josuar Gonzalez,28,,
JoJo Parker,29,,
Ryan Waldschmidt,30,,
A.J. Ewing,31,,
Aiva Arquette,32,,
Jonah Tong,33,,
Edward Florentino,34,,
Eduardo Quintero,35,,
Kaelen Culpepper,36,,
Gage Jump,38,,
Mike Sirota,39,,
Theo Gillen,40,,
Joe Mack,41,,
Eduardo Tait,42,,
Bryce Rainer,43,,
Angel Genao,44,,
Michael Arroyo,45,,
Cam Caminiti,46,,
Hagen Smith,47,,
Tyler Bremner,48,,
Ethan Salas,49,,
Billy Carlson,50,,
Emmanuel Rodriguez,51,,
Blake Mitchell,52,,
Arjun Nimmala,53,,
Emil Morales,54,,
Luis Hernández,55,,
Ralphy Velazquez,56,,
Jett Williams,57,,
JR Ritchie,58,,
Elmer Rodriguez,60,,
Jhonny Level,61,,
Steele Hall,62,,
Cooper Pratt,63,,
Joshua Báez,65,,
Nate George,66,,
Dax Kilby,67,,
Gage Wood,68,,
Anthony Eyanson,69,,
Cooper Ingle,70,,
Jonny Farmelo,71,,
Charlie Condon,72,,
Carlos Lagrange,73,,
Caden Scarborough,74,,
Kendry Chourio,75,,
Kevin Alvarez,76,,
River Ryan,77,,
Roldy Brito,78,,
Kayson Cunningham,79,,
Jefferson Rojas,80,,
Brody Hopkins,81,,
Pedro Ramirez,82,,
Kyson Witherspoon,83,,
Jurrangelo Cijntje,84,,
Jaxon Wiggins,85,,
Nathan Flewelling,86,,
Ronny Cruz,87,,
Kruz Schoolcraft,88,,
Ike Irish,89,,
Wei-En Lin,90,,
Luis Lara,91,,
Josh Hammond,92,,
Justin Gonzales,93,,
Charles Davalan,94,,
Xavier Neyens,95,,
Edwin Arroyo,96,,
Devin Fitz-Gerald,97,,
Felnin Celesten,98,,
Seaver King,99,,
Karson Milbrandt,100,,
